Nom_scientifique,Nom_anglais,Nom_français,Audio_URL,Type,droits,Lisence,annotation,Habitat_principal,Habitat_secondaire
Prunella modularis,Dunnock,Accenteur mouchet,https://firebasestorage.googleapis.com/v0/b/birdify-df029.firebasestorage.app/o/Birds%2FAccenteur%20mouchet.wav?alt=media&token=1bf3e94c-960d-4404-918c-829285d8c0f6,,,,pas grave si je n'ai pas,Milieu forestier,Milieu agricole
Hieraaetus pennatus,Booted Eagle,Aigle botté,,,,,pas de son,Milieu forestier,Milieu agricole
Pyrrhula pyrrhula,Eurasian Bullfinch,Bouvreuil pivoine,https://firebasestorage.googleapis.com/v0/b/birdify-df029.firebasestorage.app/o/Birds%2FBouvreuil%20pivoine.mp3?alt=media&token=58090830-6a86-4a48-bc7b-e4e268cb4e49,song,D,,a verifier,Milieu forestier,Milieu agricole
Strix aluco,Tawny Owl,Chouette hulotte,https://firebasestorage.googleapis.com/v0/b/birdify-df029.firebasestorage.app/o/Birds%2FChouette%20hulotte.wav?alt=media&token=7386aca1-b8cd-4b07-975c-4dd610e2c27e,call,D,,retravailler l'audio,Milieu forestier,Milieu agricole
Cuculus canorus,Common Cuckoo,Coucou gris,https://firebasestorage.googleapis.com/v0/b/birdify-df029.firebasestorage.app/o/Birds%2FCoucou%20gris.mp3?alt=media&token=7b5a14de-e99e-4aca-8822-cfedad0df5a5,song,D,,,Milieu forestier,Milieu agricole
Ficedula parva,Red-breasted Flycatcher,Gobemouche nain,https://firebasestorage.googleapis.com/v0/b/birdify-df029.firebasestorage.app/o/Birds%2FGobemouche%20nain.wav?alt=media&token=f7948315-c3df-4879-88b7-31cd4cc88922,song,D,,,Milieu forestier,Milieu agricole
Coccothraustes coccothraustes,Hawfinch,Gros-bec casse-noyaux,https://firebasestorage.googleapis.com/v0/b/birdify-df029.firebasestorage.app/o/Birds%2FGros-bec%20casse-noyaux.mp3?alt=media&token=7bb76fc9-e3d1-4b9d-b15f-2dd5c8222463,call,D,,mouai,Milieu forestier,Milieu agricole
Asio otus,Long-eared Owl,Hibou moyen-duc,https://firebasestorage.googleapis.com/v0/b/birdify-df029.firebasestorage.app/o/Birds%2FHibou%20moyen-duc.wav?alt=media&token=9d3437ca-c7ef-46cd-a858-f68e7c4b874d,call,D,,,Milieu forestier,Milieu agricole
Oriolus oriolus,Eurasian Golden Oriole,Loriot d'Europe,https://firebasestorage.googleapis.com/v0/b/birdify-df029.firebasestorage.app/o/Birds%2FLoriot%20d'Europe.mp3?alt=media&token=35f3b63f-a578-4914-ba53-81adeffeea97,song,D,,,Milieu forestier,Milieu agricole
Periparus ater,Coal Tit,Mésange noire,https://firebasestorage.googleapis.com/v0/b/birdify-df029.firebasestorage.app/o/Birds%2FM%C3%A9sange%20noire.wav?alt=media&token=de90b0e5-dba4-4d6f-83b5-592d5a1f1f06,song,D,,,Milieu forestier,Milieu agricole
Milvus milvus,Red Kite,Milan royal,https://firebasestorage.googleapis.com/v0/b/birdify-df029.firebasestorage.app/o/Birds%2FMilan%20royal.mp3?alt=media&token=067b4e20-5988-49a1-b693-362d4ba5f733,call,D,https://www.youtube.com/watch?v=K8o9ty1oxfU,besoin d'etre retrazvailler,Milieu forestier,Milieu agricole
Anthus richardi,Richard's Pipit,Pipit de Richard,,,,,J4AI PAS PAS GRAVE,Milieu forestier,Milieu agricole
Charadrius dubius,Little Ringed Plover,Pluvier petit-gravelot,https://firebasestorage.googleapis.com/v0/b/birdify-df029.firebasestorage.app/o/Birds%2FPluvier%20petit-gravelot.wav?alt=media&token=55db4df7-6ae2-469e-91f3-12b4e6a144c3,call,D,,,Milieu forestier,Milieu agricole
Erithacus rubecula,European Robin,Rouge-gorge familier,https://firebasestorage.googleapis.com/v0/b/birdify-df029.firebasestorage.app/o/Birds%2FRouge-gorge%20familier%20song.mp3?alt=media&token=bb721e11-dd5e-4ea6-9d73-501682d3fac6,song,D,,,Milieu forestier,Milieu agricole
Egretta garzetta,Little Egret,Aigrette garzette,https://firebasestorage.googleapis.com/v0/b/birdify-df029.firebasestorage.app/o/Birds%2FAigrette%20garzette.wav?alt=media&token=8e3edbc7-9acf-4d0d-9e20-2cc7d6ee857c,call,D,,peut etre retravailler pour etre parfait,Milieu humide,Milieu agricole
Gallinago gallinago,Common Snipe,Bécassine des marais,https://firebasestorage.googleapis.com/v0/b/birdify-df029.firebasestorage.app/o/Birds%2FB%C3%A9cassine%20des%20marais.mp3?alt=media&token=2b6ed290-584a-4cca-9942-9b709b4db193,call,D,,,Milieu humide,Milieu agricole
Branta ruficollis,Red-breasted Goose,Bernache à cou roux,https://firebasestorage.googleapis.com/v0/b/birdify-df029.firebasestorage.app/o/Birds%2FBernache%20%C3%A0%20cou%20roux.wav?alt=media&token=f11ce8c3-d6f7-4e5b-8cf5-f23571131de2,call,D,,,Milieu humide,Milieu agricole
Cettia cetti,Cetti's Warbler,Bouscarle de Cetti,https://firebasestorage.googleapis.com/v0/b/birdify-df029.firebasestorage.app/o/Birds%2FBouscarle%20de%20Cetti%20bis.wav?alt=media&token=fc398f45-5684-4d8f-abda-22fc767d963a,call,D,,,Milieu humide,Milieu agricole
Emberiza schoeniclus,Common Reed Bunting,Bruant des roseaux,https://firebasestorage.googleapis.com/v0/b/birdify-df029.firebasestorage.app/o/Birds%2FBruant%20des%20roseaux.wav?alt=media&token=38de693f-8318-4d8b-9e1b-c3bebd96dab0,song,D,,,Milieu humide,Milieu agricole
Circus aeruginosus,Western Marsh Harrier,Busard des roseaux,https://firebasestorage.googleapis.com/v0/b/birdify-df029.firebasestorage.app/o/Birds%2FBusard%20des%20roseaux.mp3?alt=media&token=4bcb17ba-dd17-4a0c-b714-6c3b94d5c1d3,call,D,https://youtu.be/6Q__mTm8778,,Milieu humide,Milieu agricole
Grus grus,Common Crane,Grue cendrée,https://firebasestorage.googleapis.com/v0/b/birdify-df029.firebasestorage.app/o/Birds%2FGrue%20cendr%C3%A9e.wav?alt=media&token=a882b5b7-a9d6-446b-b661-1b3f1ca38dd6,call,D,,,Milieu humide,Milieu agricole
Ardea cinerea,Grey Heron,Héron cendré,https://firebasestorage.googleapis.com/v0/b/birdify-df029.firebasestorage.app/o/Birds%2FH%C3%A9ron%20cendr%C3%A9.wav?alt=media&token=37a80191-7390-4720-b6e3-ee970ae56dff,call,D,,,Milieu humide,Milieu agricole
Ardea purpurea,Purple Heron,Héron pourpré,https://firebasestorage.googleapis.com/v0/b/birdify-df029.firebasestorage.app/o/Birds%2FH%C3%A9ron%20pourpr%C3%A9.wav?alt=media&token=cbe86764-0fcb-4cc3-829f-a649e8425737,call,D,,,Milieu humide,Milieu agricole
Burhinus oedicnemus,Eurasian Stone-curlew,Œdicnème criard,https://firebasestorage.googleapis.com/v0/b/birdify-df029.firebasestorage.app/o/Birds%2F%C5%92dicn%C3%A8me%20criard.mp3?alt=media&token=b6de2c39-7585-4379-a7ce-bcd7707b7328,call,D,https://www.youtube.com/watch?v=CEI03cp277A,,Milieu humide,Milieu agricole
Anser anser,Greylag Goose,Oie cendrée,,,D,,pareil qure oie cendre donc a voir,Milieu humide,Milieu agricole
Anser serrirostris,Tundra Bean Goose,Oie de la toundra,,,,,J'AI PAS PAS GRAVE,Milieu humide,Milieu agricole
Anthus trivialis,Tree Pipit,Pipit des arbres,https://firebasestorage.googleapis.com/v0/b/birdify-df029.firebasestorage.app/o/Birds%2FPipit%20des%20arbres.wav?alt=media&token=9fe7dda4-9b54-493c-8769-c022cd10904b,song,D,,,Milieu humide,Milieu agricole
Troglodytes troglodytes,Eurasian Wren,Troglodyte mignon,https://firebasestorage.googleapis.com/v0/b/birdify-df029.firebasestorage.app/o/Birds%2FTroglodyte%20mignon.mp3?alt=media&token=d7679a42-c218-4c67-824e-5733024039b7,song,D,,,Milieu humide,Milieu agricole
Larus canus,Common Gull,Goéland cendré,https://firebasestorage.googleapis.com/v0/b/birdify-df029.firebasestorage.app/o/Birds%2FGo%C3%A9land%20cendr%C3%A9.wav?alt=media&token=f364de55-2665-4130-b026-8247f1371c63,call,D,,,Milieu littoral,Milieu agricole
Chroicocephalus ridibundus,Black-headed Gull,Mouette rieuse,https://firebasestorage.googleapis.com/v0/b/birdify-df029.firebasestorage.app/o/Birds%2FMouette%20rieuse.wav?alt=media&token=486351ec-e71c-4c92-9ead-2b687734c569,Call,D,,,Milieu littoral,Milieu agricole
Emberiza cia,Rock Bunting,Bruant fou,,,,,a chercher,Milieu montagnard,Milieu agricole
Circaetus gallicus,Short-toed Snake Eagle,Circaète Jean-le-Blanc,,,,,J'AI PAS PAS GRAVE,Milieu montagnard,Milieu agricole
Turdus pilaris,Fieldfare,Grive litorne,https://firebasestorage.googleapis.com/v0/b/birdify-df029.firebasestorage.app/o/Birds%2FGrive%20litorne.wav?alt=media&token=eaad82a6-06ea-43be-8b1b-5ec06b286ac6,call alarm,D,,,Milieu montagnard,Milieu agricole
Turdus torquatus,Ring Ouzel,Merle à plastron,https://firebasestorage.googleapis.com/v0/b/birdify-df029.firebasestorage.app/o/Birds%2FMerle%20%C3%A0%20plastron.wav?alt=media&token=f07a557c-2082-4f59-88ed-5a228c341cc9,song,D,,,Milieu montagnard,Milieu agricole
Streptopelia decaocto,Eurasian Collared Dove,Tourterelle turque,https://firebasestorage.googleapis.com/v0/b/birdify-df029.firebasestorage.app/o/Birds%2FTourterelle%20turque.wav?alt=media&token=eb0628ec-0725-4475-8b5d-5dca2c4a4424,song,D,,,Milieu montagnard,Milieu agricole
Vanellus vanellus,Northern Lapwing,Vanneau huppé,https://firebasestorage.googleapis.com/v0/b/birdify-df029.firebasestorage.app/o/Birds%2FVanneau%20hupp%C3%A9.mp3?alt=media&token=ece2d3da-325b-41a9-bcc6-4029311d66ff,song,C,https://www.youtube.com/shorts/dPkaBbXoUTI,,Milieu montagnard,Milieu agricole
Motacilla alba,White Wagtail,Bergeronnette grise,https://firebasestorage.googleapis.com/v0/b/birdify-df029.firebasestorage.app/o/Birds%2FBergeronnette%20grise.mp3?alt=media&token=dbc970f7-c678-4605-adcb-198b04c6c378,song,D,,,Milieu urbain,Milieu agricole
Athene noctua,Little Owl,Chevêche d'Athéna,https://firebasestorage.googleapis.com/v0/b/birdify-df029.firebasestorage.app/o/Birds%2FChev%C3%AAche%20d'Ath%C3%A9na.mp3?alt=media&token=57e879bd-06ce-4551-9cac-3c239a07d79e,call,D,https://www.youtube.com/watch?v=XLgQtyx81UQ,,Milieu urbain,Milieu agricole
Coloeus monedula,Western Jackdaw,Choucas des tours,https://firebasestorage.googleapis.com/v0/b/birdify-df029.firebasestorage.app/o/Birds%2FChoucas%20des%20tours.mp3?alt=media&token=d8457a34-9201-4430-8201-52080a9307ca,call,C,https://www.youtube.com/watch?v=jigfsOcV-2g,,Milieu urbain,Milieu agricole
Corvus frugilegus,Rook,Corbeau freux,https://firebasestorage.googleapis.com/v0/b/birdify-df029.firebasestorage.app/o/Birds%2FCorbeau%20freux.wav?alt=media&token=29378d92-176a-4f33-8e01-56e56661c268,call,D,,,Milieu urbain,Milieu agricole
Corvus corone,Carrion Crow,Corneille noire,https://firebasestorage.googleapis.com/v0/b/birdify-df029.firebasestorage.app/o/Birds%2FCorneille%20noire.wav?alt=media&token=68a33060-72c2-4b1d-b6fe-29da2616a1fb,Call,D,,,Milieu urbain,Milieu agricole
Tyto alba,Western Barn Owl,Effraie des clochers,https://firebasestorage.googleapis.com/v0/b/birdify-df029.firebasestorage.app/o/Birds%2FEffraie%20des%20clochers.wav?alt=media&token=8bb7eeba-f698-4019-8cf3-f6801f222544,call,D,,,Milieu urbain,Milieu agricole
Sturnus vulgaris,Common Starling,Étourneau sansonnet,https://firebasestorage.googleapis.com/v0/b/birdify-df029.firebasestorage.app/o/Birds%2F%C3%89tourneau%20sansonnet.wav?alt=media&token=3ebb8674-002e-400b-9f0e-c127b166c295,song,D,,,Milieu urbain,Milieu agricole
Turdus philomelos,Song Thrush,Grive musicienne,https://firebasestorage.googleapis.com/v0/b/birdify-df029.firebasestorage.app/o/Birds%2FGrive%20musicienne.wav?alt=media&token=b06292e9-4de7-4536-b833-02b398c6badd,song,D,,,Milieu urbain,Milieu agricole
Apus apus,Common Swift,Martinet noir,https://firebasestorage.googleapis.com/v0/b/birdify-df029.firebasestorage.app/o/Birds%2FMartinet%20noir.wav?alt=media&token=52e8ea74-6db8-4b71-b905-0838e8d97b58,call,D,,,Milieu urbain,Milieu agricole
Passer domesticus,House Sparrow,Moineau domestique,https://firebasestorage.googleapis.com/v0/b/birdify-df029.firebasestorage.app/o/Birds%2FMoineau%20domestique.wav?alt=media&token=04910e7d-5238-434d-b33a-8bfa6181e242,call,D,,,Milieu urbain,Milieu agricole
Picus viridis,European Green Woodpecker,Pic vert,https://firebasestorage.googleapis.com/v0/b/birdify-df029.firebasestorage.app/o/Birds%2FPic%20vert.wav?alt=media&token=377e93ab-8dde-4b4f-b556-a960d7278d26,song,D,,,Milieu urbain,Milieu agricole
Lanius excubitor,Great Grey Shrike,Pie-grièche grise,,call,D,,pas ouf le son,Milieu urbain,Milieu agricole
Columba oenas,Stock Dove,Pigeon colombin,https://firebasestorage.googleapis.com/v0/b/birdify-df029.firebasestorage.app/o/Birds%2FPigeon%20colombin.mp3?alt=media&token=89d675fe-643d-4eae-97ef-0d4de51d6497,call,D,,,Milieu urbain,Milieu agricole
Phoenicurus phoenicurus,Common Redstart,Rougequeue à front blanc,https://firebasestorage.googleapis.com/v0/b/birdify-df029.firebasestorage.app/o/Birds%2FRougequeue%20%C3%A0%20front%20blanc.wav?alt=media&token=7dd9034b-39ee-4156-be17-dafaf85b0afd,song,D,,,Milieu urbain,Milieu agricole
Buteo buteo,Common Buzzard,Buse variable,https://firebasestorage.googleapis.com/v0/b/birdify-df029.firebasestorage.app/o/Birds%2FBuse%20variable.wav?alt=media&token=43f5724b-18ae-4bbe-8897-f8f2fca239ec,call,D,,amelioer la rapidite du son,Milieu agricole,Milieu forestier
Elanus caeruleus,Black-winged Kite,Élanion blanc,https://firebasestorage.googleapis.com/v0/b/birdify-df029.firebasestorage.app/o/Birds%2F%C3%89lanion%20blanc.mp3?alt=media&token=76fd76e1-75a7-4076-80d8-83f2aefa2148,Call,D,,bizarre,Milieu agricole,Milieu forestier
Caprimulgus europaeus,European Nightjar,Engoulevent d'Europe,https://firebasestorage.googleapis.com/v0/b/birdify-df029.firebasestorage.app/o/Birds%2FEngoulevent%20d'Europe.wav?alt=media&token=572d85e0-c280-42c1-8829-0c074b90bddd,song,D,,,Milieu agricole,Milieu forestier
Phasianus colchicus,Common Pheasant,Faisan de Colchide,https://firebasestorage.googleapis.com/v0/b/birdify-df029.firebasestorage.app/o/Birds%2FFaisan%20de%20Colchide.wav?alt=media&token=4ba33668-4c71-424d-88e2-562a3dba9356,call,D,,,Milieu agricole,Milieu forestier
Milvus migrans,Black Kite,Milan noir,https://firebasestorage.googleapis.com/v0/b/birdify-df029.firebasestorage.app/o/Birds%2FM%C3%A9sange%20noire.wav?alt=media&token=de90b0e5-dba4-4d6f-83b5-592d5a1f1f06,Alarm Calls,D,,,Milieu agricole,Milieu forestier
Fringilla coelebs,Common Chaffinch,Pinson des arbres,https://firebasestorage.googleapis.com/v0/b/birdify-df029.firebasestorage.app/o/Birds%2FPinson%20des%20arbres.mp3?alt=media&token=e7eda18a-caf7-4f96-8913-82bac5607a82,song,D,,,Milieu agricole,Milieu forestier
Prunella collaris,Alpine Accentor,Accenteur alpin,https://firebasestorage.googleapis.com/v0/b/birdify-df029.firebasestorage.app/o/Birds%2FAccenteur%20alpin.mp3?alt=media&token=d312b464-3ce0-4fb6-a227-47e69aca07bb,,,,,Milieu montagnard,Milieu forestier
Bubo bubo,Eurasian Eagle-Owl,Hibou grand-duc,https://firebasestorage.googleapis.com/v0/b/birdify-df029.firebasestorage.app/o/Birds%2FHibou%20grand-duc.mp3?alt=media&token=a1f3306a-e490-4360-a4d9-06269766549c,song,D,,demender l'avis d'un expert,Milieu montagnard,Milieu forestier
Poecile montanus,Willow Tit,Mésange boréale,https://firebasestorage.googleapis.com/v0/b/birdify-df029.firebasestorage.app/o/Birds%2FM%C3%A9sange%20bor%C3%A9ale.wav?alt=media&token=d548a377-b2b9-4a09-9fd1-24e1eb8209d3,song,D,,,Milieu montagnard,Milieu forestier
Saxicola rubicola,Saxicola rubicola,Tarier pâtre,https://firebasestorage.googleapis.com/v0/b/birdify-df029.firebasestorage.app/o/Birds%2FTarier%20p%C3%A2tre.mp3?alt=media&token=86561e97-0d0c-461d-89e8-195ed137fb5f,"call,song",D,,,Milieu montagnard,Milieu forestier
Accipiter nisus,Eurasian Sparrowhawk,Épervier d'Europe,https://firebasestorage.googleapis.com/v0/b/birdify-df029.firebasestorage.app/o/Birds%2F%C3%89pervier%20d'Europe.wav?alt=media&token=1428cc0f-c340-46d8-a2a9-9667f7a044c4,call,D,,,Milieu urbain,Milieu forestier
Sylvia borin,Garden Warbler,Fauvette des jardins,https://firebasestorage.googleapis.com/v0/b/birdify-df029.firebasestorage.app/o/Birds%2FFauvette%20des%20jardins.wav?alt=media&token=ce856208-01c7-4a77-81c1-5f1ed521e4de,song,D,,,Milieu urbain,Milieu forestier
Curruca melanocephala,Sardinian Warbler,Fauvette mélanocéphale,https://firebasestorage.googleapis.com/v0/b/birdify-df029.firebasestorage.app/o/Birds%2FFauvette%20m%C3%A9lanoc%C3%A9phale.wav?alt=media&token=e9d78ce7-5560-4876-8da2-ac1bb8314bac,song,D,,,Milieu urbain,Milieu forestier
Turdus merula,Common Blackbird,Merle noir,https://firebasestorage.googleapis.com/v0/b/birdify-df029.firebasestorage.app/o/Birds%2FMerle%20noir.mp3?alt=media&token=1466915e-96d3-47af-9368-5d6752721316,song,D,,,Milieu urbain,Milieu forestier
Aegithalos caudatus,Long-tailed Tit,Mésange à longue queue,https://firebasestorage.googleapis.com/v0/b/birdify-df029.firebasestorage.app/o/Birds%2FM%C3%A9sange%20%C3%A0%20longue%20queue.wav?alt=media&token=7d322541-ba22-4fbf-b21d-c6c6cef7d316,song,D,,,Milieu urbain,Milieu forestier
Cyanistes caeruleus,Eurasian Blue Tit,Mésange bleue,https://firebasestorage.googleapis.com/v0/b/birdify-df029.firebasestorage.app/o/Birds%2FM%C3%A9sange%20bleue.mp3?alt=media&token=540d754c-714a-45f6-bc0d-75e7424fe56c,song,D,,,Milieu urbain,Milieu forestier
Parus major,Great Tit,Mésange charbonnière,https://firebasestorage.googleapis.com/v0/b/birdify-df029.firebasestorage.app/o/Birds%2FM%C3%A9sange%20charbonni%C3%A8re.wav?alt=media&token=ef866eab-0dd7-42ae-b6ef-e8e3a7987620,song,D,,,Milieu urbain,Milieu forestier
Columba palumbus,Common Wood Pigeon,Pigeon ramier,https://firebasestorage.googleapis.com/v0/b/birdify-df029.firebasestorage.app/o/Birds%2FPigeon%20ramier.wav?alt=media&token=9e797f30-34b9-481d-bae1-4f58f33c2612,song,D,,,Milieu urbain,Milieu forestier
Phylloscopus proregulus,Pallas's Leaf Warbler,Pouillot de Pallas,,,,,J4AI PAS PAS GRAVE,Milieu urbain,Milieu forestier
Phylloscopus sibilatrix,Wood Warbler,Pouillot siffleur,,,,,J'AI PAS PAS GRAVE,Milieu urbain,Milieu forestier
Luscinia megarhynchos,Common Nightingale,Rossignol philomèle,,call,D,,,Milieu urbain,Milieu forestier
Serinus serinus,European Serin,Serin cini,https://firebasestorage.googleapis.com/v0/b/birdify-df029.firebasestorage.app/o/Birds%2FSerin%20cini.mp3?alt=media&token=9f49391e-c083-4e5e-b83f-30687e3b5515,song,D,,,Milieu urbain,Milieu forestier
Streptopelia turtur,European Turtle Dove,Tourterelle des bois,https://firebasestorage.googleapis.com/v0/b/birdify-df029.firebasestorage.app/o/Birds%2FTourterelle%20des%20bois.mp3?alt=media&token=79f2e914-fe9d-40c5-8580-9d7cb64ec9322,song,D,,peut monter le son,Milieu urbain,Milieu forestier
Oenanthe oenanthe,Northern Wheatear,Traquet motteux,https://firebasestorage.googleapis.com/v0/b/birdify-df029.firebasestorage.app/o/Birds%2FTraquet%20motteux.mp3?alt=media&token=d2294e11-55f1-413a-9233-2e26e19c4c7e,song,C,https://www.youtube.com/shorts/_8j664uE6Mg,,Milieu urbain,Milieu forestier
Chloris chloris,European Greenfinch,Verdier d'Europe,https://firebasestorage.googleapis.com/v0/b/birdify-df029.firebasestorage.app/o/Birds%2FVerdier%20d'Europe.wav?alt=media&token=c2f72688-ce9c-4af4-8f93-73501fe43d22,song,D,,,Milieu urbain,Milieu forestier
Motacilla flava,Western Yellow Wagtail,Bergeronnette printanière,https://firebasestorage.googleapis.com/v0/b/birdify-df029.firebasestorage.app/o/Birds%2FBergeronnette%20printani%C3%A8re.wav?alt=media&token=28efa96e-da31-41ec-96eb-87cd3b225f58,song,D,,,Milieu agricole,Milieu humide
Curruca curruca,Lesser Whitethroat,Fauvette babillarde,https://firebasestorage.googleapis.com/v0/b/birdify-df029.firebasestorage.app/o/Birds%2FFauvette%20babillarde.wav?alt=media&token=0cd60a89-4729-4ea4-85cc-f86a908b7df9,song?,D,,a verifier et a retravailler,Milieu agricole,Milieu humide
Bubulcus ibis,Western Cattle Egret,Héron garde-bœufs,https://firebasestorage.googleapis.com/v0/b/birdify-df029.firebasestorage.app/o/Birds%2FH%C3%A9ron%20garde-b%C5%93ufs.wav?alt=media&token=c3620f2d-d156-46b8-80bf-10eb5b895f31,call,D,,,Milieu agricole,Milieu humide
Pluvialis squatarola,Grey Plover,Pluvier argenté,https://firebasestorage.googleapis.com/v0/b/birdify-df029.firebasestorage.app/o/Birds%2FPluvier%20argent%C3%A9.wav?alt=media&token=b900031c-debd-4962-bbfb-74b98fc96901,call,D,,,Milieu agricole,Milieu humide
Scolopax rusticola,Eurasian Woodcock,Bécasse des bois,https://firebasestorage.googleapis.com/v0/b/birdify-df029.firebasestorage.app/o/Birds%2FB%C3%A9casse%20des%20bois.mp3?alt=media&token=8836ac67-13dd-4307-be67-60ba5182fa57,call,D,https://www.youtube.com/shorts/c0vL0TYVnII,,Milieu forestier,Milieu humide
Poecile palustris,Marsh Tit,Mésange nonnette,https://firebasestorage.googleapis.com/v0/b/birdify-df029.firebasestorage.app/o/Birds%2FM%C3%A9sange%20nonnette.wav?alt=media&token=f5104d18-3533-431f-9a58-259979c9dbd9,song/call,D,,,Milieu forestier,Milieu humide
Regulus regulus,Goldcrest,Roitelet huppé,https://firebasestorage.googleapis.com/v0/b/birdify-df029.firebasestorage.app/o/Birds%2FRoitelet%20hupp%C3%A9.wav?alt=media&token=615abdac-f1b0-45a3-a930-f175dcca5c25,song,D,,,Milieu forestier,Milieu humide
Falco subbuteo,Eurasian Hobby,Faucon hobereau,https://firebasestorage.googleapis.com/v0/b/birdify-df029.firebasestorage.app/o/Birds%2FFaucon%20hobereau.mp3?alt=media&token=04b4aaa0-c483-4553-bb7f-1aca87216e6f,call,D,,,Milieu humide,Milieu humide
Recurvirostra avosetta,Pied Avocet,Avocette élégante,https://firebasestorage.googleapis.com/v0/b/birdify-df029.firebasestorage.app/o/Birds%2FAvocette%20%C3%A9l%C3%A9gante.mp3?alt=media&token=1a2c921a-b538-4e63-8ea7-ff1dff3729c8,call,C,https://www.youtube.com/shorts/E8E4LSP22Fk,,Milieu littoral,Milieu humide
Limosa limosa,Black-tailed Godwit,Barge à queue noire,https://firebasestorage.googleapis.com/v0/b/birdify-df029.firebasestorage.app/o/Birds%2FBarge%20%C3%A0%20queue%20noire.mp3?alt=media&token=43bb4bf9-96cb-4d88-82db-78f82ee9c3a3,Call,D,,,Milieu littoral,Milieu humide
Limosa lapponica,Bar-tailed Godwit,Barge rousse,https://firebasestorage.googleapis.com/v0/b/birdify-df029.firebasestorage.app/o/Birds%2FBarge%20rousse.wav?alt=media&token=0a8c7cfd-1f7a-4744-b195-2b0921d1413d,call,D,,,Milieu littoral,Milieu humide
Calidris canutus,Red Knot,Bécasseau maubèche,,,,,J4AI PAS PAS GRAVE,Milieu littoral,Milieu humide
Calidris alba,Sanderling,Bécasseau sanderling,https://firebasestorage.googleapis.com/v0/b/birdify-df029.firebasestorage.app/o/Birds%2FB%C3%A9casseau%20sanderling.wav?alt=media&token=7a2814eb-4447-4e0c-ad10-bf9396a7860d,call,D,,,Milieu littoral,Milieu humide
Calidris alpina,Dunlin,Bécasseau variable,https://firebasestorage.googleapis.com/v0/b/birdify-df029.firebasestorage.app/o/Birds%2FB%C3%A9casseau%20variable.wav?alt=media&token=3d10d074-8e50-4070-afb0-d88c93ff0e0a,call,D,,,Milieu littoral,Milieu humide
Plectrophenax nivalis,Snow Bunting,Bruant des neiges,https://firebasestorage.googleapis.com/v0/b/birdify-df029.firebasestorage.app/o/Birds%2FBruant%20des%20neiges.wav?alt=media&token=24596ba2-fc28-43df-a76a-7a0676d5774b,song,D,,a verifier,Milieu littoral,Milieu humide
Tringa nebularia,Common Greenshank,Chevalier aboyeur,https://firebasestorage.googleapis.com/v0/b/birdify-df029.firebasestorage.app/o/Birds%2FChevalier%20aboyeur.mp3?alt=media&token=6cb1d5dc-2a51-4b51-9962-d6a4b5959236,call,D,,,Milieu littoral,Milieu humide
Tringa erythropus,Spotted Redshank,Chevalier arlequin,https://firebasestorage.googleapis.com/v0/b/birdify-df029.firebasestorage.app/o/Birds%2FChevalier%20arlequin.mp3?alt=media&token=b433ad3a-fd01-40f3-9787-8814420d2316,call,D,,,Milieu littoral,Milieu humide
Tringa totanus,Common Redshank,Chevalier gambette,https://firebasestorage.googleapis.com/v0/b/birdify-df029.firebasestorage.app/o/Birds%2FChevalier%20gambette.wav?alt=media&token=3e535126-4bf6-4e31-a6be-6c335ca0c7de,song,D,,,Milieu littoral,Milieu humide
Actitis hypoleucos,Common Sandpiper,Chevalier guignette,https://firebasestorage.googleapis.com/v0/b/birdify-df029.firebasestorage.app/o/Birds%2FChevalier%20guignette.wav?alt=media&token=d9e0e1e5-9dc7-49a5-91fc-b107eea7272b,call,D,,,Milieu littoral,Milieu humide
Numenius phaeopus,Eurasian Whimbrel,Courlis corlieu,https://firebasestorage.googleapis.com/v0/b/birdify-df029.firebasestorage.app/o/Birds%2FCourlis%20corlieu.wav?alt=media&token=8287b6b7-5a24-41f1-8428-a38bd2a93a9e,call,D,,a verifie mais vraiment possible,Milieu littoral,Milieu humide
Himantopus himantopus,Black-winged Stilt,Échasse blanche,https://firebasestorage.googleapis.com/v0/b/birdify-df029.firebasestorage.app/o/Birds%2F%C3%89chasse%20blanche.wav?alt=media&token=6a4c90b0-505e-4764-b89a-174744a73398,call,D,,,Milieu littoral,Milieu humide
Larus fuscus,Lesser Black-backed Gull,Goéland brun,https://firebasestorage.googleapis.com/v0/b/birdify-df029.firebasestorage.app/o/Birds%2FGo%C3%A9land%20brun.wav?alt=media&token=d708a152-2d4b-439d-8051-10e7417d31ef,call,D,,pas trop interessant ressemble au goeland argenté et leucophée,Milieu littoral,Milieu humide
Larus marinus,Great Black-backed Gull,Goéland marin,https://firebasestorage.googleapis.com/v0/b/birdify-df029.firebasestorage.app/o/Birds%2FGo%C3%A9land%20marin.wav?alt=media&token=91b05a6b-9e3a-4d5f-ab0e-0f15b713914b,call,D,,,Milieu littoral,Milieu humide
Haematopus ostralegus,Eurasian Oystercatcher,Huîtrier pie,https://firebasestorage.googleapis.com/v0/b/birdify-df029.firebasestorage.app/o/Birds%2FHu%C3%AEtrier%20pie.wav?alt=media&token=7b2c4801-7c48-4a27-bee1-5e238652fc37,call,D,,,Milieu littoral,Milieu humide
Ichthyaetus melanocephalus,Mediterranean Gull,Mouette mélanocéphale,,,,,J4AI PAS PAS GRAVE,Milieu littoral,Milieu humide
Gavia stellata,Red-throated Loon,Plongeon catmarin,,,,,J4AI PAS PAS GRAVE,Milieu littoral,Milieu humide
Charadrius alexandrinus,Kentish Plover,Pluvier à collier interrompu,https://firebasestorage.googleapis.com/v0/b/birdify-df029.firebasestorage.app/o/Birds%2FPluvier%20%C3%A0%20collier%20interrompu.wav?alt=media&token=43438dd4-422b-4ae5-9803-441fde742869,call,D,,,Milieu littoral,Milieu humide
Pluvialis apricaria,European Golden Plover,Pluvier doré,https://firebasestorage.googleapis.com/v0/b/birdify-df029.firebasestorage.app/o/Birds%2FPluvier%20dor%C3%A9.wav?alt=media&token=d7afdc70-790f-4fcb-b013-e2712d6939bd,call,D,,,Milieu littoral,Milieu humide
Charadrius hiaticula,Common Ringed Plover,Pluvier grand-gravelot,https://firebasestorage.googleapis.com/v0/b/birdify-df029.firebasestorage.app/o/Birds%2FPluvier%20grand-gravelot.wav?alt=media&token=c48741f9-2ce8-4359-9a52-faa18de66d20,song,D,,,Milieu littoral,Milieu humide
Acrocephalus palustris,Marsh Warbler,Rousserolle verderolle,,,,,J4AI PAS PAS GRAVE,Milieu littoral,Milieu humide
Sternula albifrons,Little Tern,Sterne naine,https://firebasestorage.googleapis.com/v0/b/birdify-df029.firebasestorage.app/o/Birds%2FSterne%20naine.wav?alt=media&token=d5b717c2-a46b-4f98-9676-a41e2841867c,call,D,,,Milieu littoral,Milieu humide
Tadorna ferruginea,Ruddy Shelduck,Tadorne casarca,,,,,J4AI PAS PAS GRAVE,Milieu littoral,Milieu humide
Spinus spinus,Eurasian Siskin,Tarin des aulnes,https://firebasestorage.googleapis.com/v0/b/birdify-df029.firebasestorage.app/o/Birds%2FTarin%20des%20aulnes.mp3?alt=media&token=ae137c54-6623-43a1-92f5-964f247a32b3,call,D,,pas ouf le son?,Milieu littoral,Milieu humide
Anthus petrosus,European Rock Pipit,Pipit maritime,https://firebasestorage.googleapis.com/v0/b/birdify-df029.firebasestorage.app/o/Birds%2FPipit%20maritime.mp3?alt=media&token=4b3c1159-20fd-4f19-b617-e266b352a97d,song,D,,a verifier si que ce sois le bon,Milieu montagnard,Milieu humide
Riparia riparia,Sand Martin,Hirondelle de rivage,https://firebasestorage.googleapis.com/v0/b/birdify-df029.firebasestorage.app/o/Birds%2FHirondelle%20de%20rivage.wav?alt=media&token=d974f1e7-6402-4c49-aa48-7c5cd8fcf115,call,D,,son arrive un peu tard,Milieu urbain,Milieu humide
Terpsiphone bourbonnensis,Mascarene Paradise Flycatcher,Oiseau la Vierge,https://firebasestorage.googleapis.com/v0/b/birdify-df029.firebasestorage.app/o/Birds%2FOiseau%20la%20Vierge.wav?alt=media&token=76a729ac-c3c3-4406-baa6-7ed478739c00,song,D,,,Milieu urbain,Milieu humide
Calidris falcinellus,Broad-billed Sandpiper,Bécasseau falcinelle,,,,,pas super son,Milieu humide,Milieu littoral
Curruca undata,Dartford Warbler,Fauvette pitchou,https://firebasestorage.googleapis.com/v0/b/birdify-df029.firebasestorage.app/o/Birds%2FFauvette%20pitchou.wav?alt=media&token=e29bb5a5-bb1c-46ba-8983-a7686ab45073,song,D,,,Milieu agricole,Milieu littoral
Branta bernicla,Brant Goose,Bernache cravant,https://firebasestorage.googleapis.com/v0/b/birdify-df029.firebasestorage.app/o/Birds%2FBernache%20cravant.mp3?alt=media&token=3f5587a4-41a2-434f-ac4c-fc2700ff33f1,call,D,,,Milieu humide,Milieu littoral
Branta canadensis,Canada Goose,Bernache du Canada,https://firebasestorage.googleapis.com/v0/b/birdify-df029.firebasestorage.app/o/Birds%2FBernache%20du%20Canada.wav?alt=media&token=7f3e346e-b849-48f0-a990-d7eabe892446,call,D,,,Milieu humide,Milieu littoral
Branta leucopsis,Barnacle Goose,Bernache nonnette,https://firebasestorage.googleapis.com/v0/b/birdify-df029.firebasestorage.app/o/Birds%2FBernache%20nonnette.mp3?alt=media&token=c9b2ff6c-da4a-478f-a2e9-4edcf9070a91,call,,,,Milieu humide,Milieu littoral
Mareca strepera,Gadwall,Canard chipeau,https://firebasestorage.googleapis.com/v0/b/birdify-df029.firebasestorage.app/o/Birds%2FCanard%20chipeau.wav?alt=media&token=f7270552-a611-4767-8c71-19652a8837d4,call male,D,,,Milieu humide,Milieu littoral
Anas acuta,Northern Pintail,Canard pilet,https://firebasestorage.googleapis.com/v0/b/birdify-df029.firebasestorage.app/o/Birds%2FCanard%20pilet.wav?alt=media&token=1941e377-e885-4766-b2d8-b0dd9a1d2c34,call,D,,,Milieu humide,Milieu littoral
Mareca penelope,Eurasian Wigeon,Canard siffleur,https://firebasestorage.googleapis.com/v0/b/birdify-df029.firebasestorage.app/o/Birds%2FCanard%20siffleur.wav?alt=media&token=4f44c220-7254-47f4-89a0-323e8df9f673,call,D,,,Milieu humide,Milieu littoral
Spatula clypeata,Northern Shoveler,Canard souchet,https://firebasestorage.googleapis.com/v0/b/birdify-df029.firebasestorage.app/o/Birds%2FCanard%20souchet.wav?alt=media&token=4508a35e-b116-4db8-8c63-a5a036777216,call,D,,,Milieu humide,Milieu littoral
Tringa ochropus,Green Sandpiper,Chevalier cul-blanc,https://firebasestorage.googleapis.com/v0/b/birdify-df029.firebasestorage.app/o/Birds%2FChevalier%20cul-blanc.wav?alt=media&token=274828be-4476-48d6-b58d-537b94c315db,call,D,,,Milieu humide,Milieu littoral
Tringa glareola,Wood Sandpiper,Chevalier sylvain,https://firebasestorage.googleapis.com/v0/b/birdify-df029.firebasestorage.app/o/Birds%2FChevalier%20sylvain.wav?alt=media&token=4e2da086-9da1-41fd-aba0-e4f200b0b161,call,D,,,Milieu humide,Milieu littoral
Numenius arquata,Eurasian Curlew,Courlis cendré,https://firebasestorage.googleapis.com/v0/b/birdify-df029.firebasestorage.app/o/Birds%2FCourlis%20cendr%C3%A9.wav?alt=media&token=8debb36f-f20c-4cd7-a5ef-638e37983bd2,call,D,,,Milieu humide,Milieu littoral
Aythya ferina,Common Pochard,Fuligule milouin,,,,,pas de son,Milieu humide,Milieu littoral
Phalacrocorax carbo,Great Cormorant,Grand Cormoran,,,D,,rien de bien,Milieu humide,Milieu littoral
Ardea alba,Great Egret,Grande Aigrette,https://firebasestorage.googleapis.com/v0/b/birdify-df029.firebasestorage.app/o/Birds%2FGrande%20Aigrette.wav?alt=media&token=96811df0-4c4f-4a8b-a4f7-e9cdf7c01a45,call,D,,,Milieu humide,Milieu littoral
Tachybaptus ruficollis,Little Grebe,Grèbe castagneux,https://firebasestorage.googleapis.com/v0/b/birdify-df029.firebasestorage.app/o/Birds%2FGr%C3%A8be%20castagneux.wav?alt=media&token=fa243cbe-a7a0-438e-82c6-7b277ff1241c,call,D,,,Milieu humide,Milieu littoral
Podiceps cristatus,Great Crested Grebe,Grèbe huppé,https://firebasestorage.googleapis.com/v0/b/birdify-df029.firebasestorage.app/o/Birds%2FGr%C3%A8be%20hupp%C3%A9.wav?alt=media&token=6164ac2a-e60f-4fde-b0ef-3991e66310a3,call,D,,,Milieu humide,Milieu littoral
Plegadis falcinellus,Glossy Ibis,Ibis falcinelle,https://firebasestorage.googleapis.com/v0/b/birdify-df029.firebasestorage.app/o/Birds%2FIbis%20falcinelle.wav?alt=media&token=b3490380-5035-4d7b-a84b-5d6a1cd932fa,call,D,,,Milieu humide,Milieu littoral
Spatula querquedula,Garganey,Sarcelle d'été,https://firebasestorage.googleapis.com/v0/b/birdify-df029.firebasestorage.app/o/Birds%2FSarcelle%20d'%C3%A9t%C3%A9.wav?alt=media&token=90357e9c-1a33-4905-b633-b990f69f97df,call,D,,,Milieu humide,Milieu littoral
Sitta europaea,Eurasian Nuthatch,Sittelle torchepot,https://firebasestorage.googleapis.com/v0/b/birdify-df029.firebasestorage.app/o/Birds%2FSittelle%20torchepot.wav?alt=media&token=b01da162-e65b-42a1-82d6-6479f2b8cc7d,song,D,,probleme de deux espece sur l'enregistrement,Milieu humide,Milieu littoral
Tadorna tadorna,Common Shelduck,Tadorne de Belon,https://firebasestorage.googleapis.com/v0/b/birdify-df029.firebasestorage.app/o/Birds%2FTadorne%20de%20Belon.wav?alt=media&token=5cada607-7e7c-47cb-8179-16024be1b274,call,D,,augemente le son,Milieu agricole,Milieu montagnard
Accipiter gentilis,Northern Goshawk,Autour des palombes,https://firebasestorage.googleapis.com/v0/b/birdify-df029.firebasestorage.app/o/Birds%2FAutour%20des%20palombes.mp3?alt=media&token=481e08de-02ce-43c1-8e58-e28270ddf958,call,C,https://www.youtube.com/watch?v=CichoNAcHPc,,Milieu forestier,Milieu montagnard
Ficedula hypoleuca,European Pied Flycatcher,Gobemouche noir,https://firebasestorage.googleapis.com/v0/b/birdify-df029.firebasestorage.app/o/Birds%2FGobemouche%20noir.wav?alt=media&token=38ba119d-384c-4e57-9c03-d90e99b45ef6,song,D,,pas sur que ce sois bon,Milieu forestier,Milieu montagnard
Certhia familiaris,Eurasian Treecreeper,Grimpereau des bois,,call,D,,,Milieu forestier,Milieu montagnard
Dendrocoptes medius,Middle Spotted Woodpecker,Pic mar,https://firebasestorage.googleapis.com/v0/b/birdify-df029.firebasestorage.app/o/Birds%2FPic%20mar.mp3?alt=media&token=621b2c0f-ef9c-4286-83e4-c304c50b8558,song,C,https://www.youtube.com/watch?v=5-V9zNNrQOw,,Milieu forestier,Milieu montagnard
Fringilla montifringilla,Brambling,Pinson du Nord,https://firebasestorage.googleapis.com/v0/b/birdify-df029.firebasestorage.app/o/Birds%2FPinson%20du%20Nord.wav?alt=media&token=a7310d7c-d31e-426a-a158-31ea76487e32,,,,pas super son,Milieu forestier,Milieu montagnard
Anthus hodgsoni,Olive-backed Pipit,Pipit à dos olive,,,,,J4AI PAS PAS GRAVE,Milieu humide,Milieu montagnard
Falco peregrinus,Peregrine Falcon,Faucon pèlerin,https://firebasestorage.googleapis.com/v0/b/birdify-df029.firebasestorage.app/o/Birds%2FFaucon%20p%C3%A8lerin.wav?alt=media&token=f9b9651f-f4f5-4a2e-a88f-4d906b57827f,call,D,,,Milieu urbain,Milieu montagnard
Carduelis carduelis,European Goldfinch,Chardonneret élégant,https://firebasestorage.googleapis.com/v0/b/birdify-df029.firebasestorage.app/o/Birds%2FChardonneret%20%C3%A9l%C3%A9gant.wav?alt=media&token=af0c3bfd-dcde-43ed-a743-0583c2e3df14,song,D,,,Milieu agricole,Milieu urbain
Falco tinnunculus,Common Kestrel,Faucon crécerelle,https://firebasestorage.googleapis.com/v0/b/birdify-df029.firebasestorage.app/o/Birds%2FFaucon%20cr%C3%A9cerelle.wav?alt=media&token=07547dec-3e14-4a0d-b268-1ae0eba9fc58,call,D,,,Milieu agricole,Milieu urbain
Turdus viscivorus,Mistle Thrush,Grive draine,https://firebasestorage.googleapis.com/v0/b/birdify-df029.firebasestorage.app/o/Birds%2FGrive%20draine.wav?alt=media&token=6ed71d83-6dc7-4a21-831d-68a8c66f03e8,song,D,,,Milieu agricole,Milieu urbain
Turdus iliacus,Redwing,Grive mauvis,,,,,a chercher,Milieu agricole,Milieu urbain
Upupa epops,Eurasian Hoopoe,Huppe fasciée,https://firebasestorage.googleapis.com/v0/b/birdify-df029.firebasestorage.app/o/Birds%2FHuppe%20fasci%C3%A9e.mp3?alt=media&token=7309bd11-631d-4e2f-82fd-2e4e26ac21a1,song,D,,,Milieu agricole,Milieu urbain
Passer montanus,Eurasian Tree Sparrow,Moineau friquet,https://firebasestorage.googleapis.com/v0/b/birdify-df029.firebasestorage.app/o/Birds%2FMoineau%20friquet.wav?alt=media&token=3f311e03-ac95-491e-b851-ca41770f39f4,song,D,,a verifeir avec celui du moineau domestique,Milieu agricole,Milieu urbain
Melopsittacus undulatus,Budgerigar,Perruche ondulée,,,,,,Milieu agricole,Milieu urbain
Columba livia,Rock Dove,Pigeon biset,https://firebasestorage.googleapis.com/v0/b/birdify-df029.firebasestorage.app/o/Birds%2FPigeon%20biset.wav?alt=media&token=63367a42-a3be-40e5-9e11-5833d0c7aa24,call,D,,,Milieu agricole,Milieu urbain
Anas crecca,Eurasian Teal,Sarcelle d'hiver,https://firebasestorage.googleapis.com/v0/b/birdify-df029.firebasestorage.app/o/Birds%2FSarcelle%20d'hiver.wav?alt=media&token=09698219-cce4-4d5c-9ebc-1aa283b46648,call,D,,pas tres fort,Milieu agricole,Milieu urbain
Saxicola rubetra,Whinchat,Tarier des prés,https://firebasestorage.googleapis.com/v0/b/birdify-df029.firebasestorage.app/o/Birds%2FTarier%20des%20pr%C3%A9s.wav?alt=media&token=e08e225e-2071-40d2-bbeb-758ffd486d5c,song,D,,,Milieu agricole,Milieu urbain
Garrulus glandarius,Eurasian Jay,Geai des chênes,https://firebasestorage.googleapis.com/v0/b/birdify-df029.firebasestorage.app/o/Birds%2FGeai%20des%20ch%C3%AAnes.mp3?alt=media&token=5ab9fb24-ba74-4f8f-b53b-98e8db4b7242,song,D,,,Milieu forestier,Milieu urbain
Muscicapa striata,Spotted Flycatcher,Gobemouche gris,https://firebasestorage.googleapis.com/v0/b/birdify-df029.firebasestorage.app/o/Birds%2FGobemouche%20gris.wav?alt=media&token=6aa62fd4-1e75-4bc6-bfec-8ae4e5180eca,call,D,,,Milieu forestier,Milieu urbain
Certhia brachydactyla,Short-toed Treecreeper,Grimpereau des jardins,https://firebasestorage.googleapis.com/v0/b/birdify-df029.firebasestorage.app/o/Birds%2FGrimpereau%20des%20jardins.wav?alt=media&token=a06d2c27-ca87-40f7-95dc-1a2d3063e479,song,D,,,Milieu forestier,Milieu urbain
Lophophanes cristatus,European Crested Tit,Mésange huppée,https://firebasestorage.googleapis.com/v0/b/birdify-df029.firebasestorage.app/o/Birds%2FM%C3%A9sange%20hupp%C3%A9e.wav?alt=media&token=63defbc9-0606-4237-aafd-704de8007349,song,D,,coupé une partie,Milieu forestier,Milieu urbain
Acrocephalus schoenobaenus,Sedge Warbler,Phragmite des joncs,https://firebasestorage.googleapis.com/v0/b/birdify-df029.firebasestorage.app/o/Birds%2FPhragmite%20des%20joncs.wav?alt=media&token=354fc03e-20f7-4fa5-b7d0-d45ea68edcb1,song,D,,,Milieu forestier,Milieu urbain
Dryocopus martius,Black Woodpecker,Pic noir,https://firebasestorage.googleapis.com/v0/b/birdify-df029.firebasestorage.app/o/Birds%2FPic%20noir.mp3?alt=media&token=42cf7c25-a206-4e02-9f19-4b6c1296d8c9,song,D,,,Milieu forestier,Milieu urbain
Rallus aquaticus,Water Rail,Râle d'eau,https://firebasestorage.googleapis.com/v0/b/birdify-df029.firebasestorage.app/o/Birds%2FR%C3%A2le%20d'eau.wav?alt=media&token=e8d5bab5-e9f4-4a2b-8b3d-2bb96c8fa351,call,D,,,Milieu forestier,Milieu urbain
Regulus ignicapilla,Common Firecrest,Roitelet à triple bandeau,https://firebasestorage.googleapis.com/v0/b/birdify-df029.firebasestorage.app/o/Birds%2FRoitelet%20%C3%A0%20triple%20bandeau.mp3?alt=media&token=40e93b3f-2701-441a-a13a-a1ec3ce8bf8a,song,D,,,Milieu forestier,Milieu urbain
Arenaria interpres,Ruddy Turnstone,Tournepierre à collier,https://firebasestorage.googleapis.com/v0/b/birdify-df029.firebasestorage.app/o/Birds%2FTournepierre%20%C3%A0%20collier.wav?alt=media&token=cd4e4ba3-71f6-473c-acc0-3764510826ae,call,D,,,Milieu forestier,Milieu urbain
Neophron percnopterus,Egyptian Vulture,Vautour percnoptère,,,,,,Milieu forestier,Milieu urbain
Motacilla cinerea,Grey Wagtail,Bergeronnette des ruisseaux,https://firebasestorage.googleapis.com/v0/b/birdify-df029.firebasestorage.app/o/Birds%2FBergeronnette%20des%20ruisseaux.wav?alt=media&token=efc3f04e-9f91-4782-9bdf-aff6417dd186,song,D,,,Milieu humide,Milieu urbain
Anas platyrhynchos,Mallard,Canard colvert,https://firebasestorage.googleapis.com/v0/b/birdify-df029.firebasestorage.app/o/Birds%2FCanard%20colvert.wav?alt=media&token=c6dc2515-0e94-4871-895e-4f501cf7d1dc,call,D,,,Milieu humide,Milieu urbain
Ciconia ciconia,White Stork,Cigogne blanche,https://firebasestorage.googleapis.com/v0/b/birdify-df029.firebasestorage.app/o/Birds%2FCigogne%20blanche.wav?alt=media&token=c7cee5c6-107f-4552-b579-2388ba366bfd,call,D,,,Milieu humide,Milieu urbain
Cygnus olor,Mute Swan,Cygne tuberculé,https://firebasestorage.googleapis.com/v0/b/birdify-df029.firebasestorage.app/o/Birds%2FCygne%20tubercul%C3%A9.wav?alt=media&token=d4cc50a6-96b3-4208-b850-0003e2afc66f,call,D,,,Milieu humide,Milieu urbain
Alcedo atthis,Common Kingfisher,Martin-pêcheur d'Europe,https://firebasestorage.googleapis.com/v0/b/birdify-df029.firebasestorage.app/o/Birds%2FMartin-p%C3%AAcheur%20d'Europe.mp3?alt=media&token=1f6daf03-3fff-48e2-8f53-c9f154de28d4,call,D,,,Milieu humide,Milieu urbain
Sterna hirundo,Common Tern,Sterne pierregarin,https://firebasestorage.googleapis.com/v0/b/birdify-df029.firebasestorage.app/o/Birds%2FSterne%20pierregarin.wav?alt=media&token=d082b3f9-54d6-4785-98b8-f8732ef2b26a,call,D,,,Milieu humide,Milieu urbain
Larus argentatus,European Herring Gull,Goéland argenté,https://firebasestorage.googleapis.com/v0/b/birdify-df029.firebasestorage.app/o/Birds%2FGo%C3%A9land%20argent%C3%A9.wav?alt=media&token=2db2a4f2-5a26-438b-9015-21eeefd08ec7,call,D,,,Milieu littoral,Milieu urbain
Larus cachinnans,Caspian Gull,Goéland pontique,,,,,pas de son,Milieu littoral,Milieu urbain
Alauda arvensis,Eurasian Skylark,Alouette des champs,https://firebasestorage.googleapis.com/v0/b/birdify-df029.firebasestorage.app/o/Birds%2FAlouette%20des%20champs.wav?alt=media&token=30891879-1838-46e3-9e92-5fa18a2db1fd,song,D,,,Milieu agricole,
Eremophila alpestris,Horned Lark,Alouette hausse-col,https://firebasestorage.googleapis.com/v0/b/birdify-df029.firebasestorage.app/o/Birds%2FAlouette%20hausse-col.wav?alt=media&token=a91f7eea-0aae-47e2-80cc-5c94965e658e,song,D,,,Milieu agricole,
Lullula arborea,Woodlark,Alouette lulu,,,,,a trouver,Milieu agricole,
Emberiza citrinella,Yellowhammer,Bruant jaune,https://firebasestorage.googleapis.com/v0/b/birdify-df029.firebasestorage.app/o/Birds%2FBruant%20jaune.wav?alt=media&token=bd2d2340-0374-4bd0-9f8b-3b4185da01dd,song,D,,,Milieu agricole,
Emberiza hortulana,Ortolan Bunting,Bruant ortolan,https://firebasestorage.googleapis.com/v0/b/birdify-df029.firebasestorage.app/o/Birds%2FBruant%20ortolan.mp3?alt=media&token=8a03c7ce-baf9-4bb4-8c62-e167258ea073,song,C,https://www.youtube.com/watch?v=FW1uguk6fGI,,Milieu agricole,
Emberiza calandra,Corn Bunting,Bruant proyer,https://firebasestorage.googleapis.com/v0/b/birdify-df029.firebasestorage.app/o/Birds%2FBruant%20proyer.wav?alt=media&token=4e1321c4-80ad-4a13-86f2-e4d55943d68f,song,D,,,Milieu agricole,
Coturnix coturnix,Common Quail,Caille des blés,https://firebasestorage.googleapis.com/v0/b/birdify-df029.firebasestorage.app/o/Birds%2FCaille%20des%20bl%C3%A9s.mp3?alt=media&token=acda89b3-6fac-43dd-99c8-b021f6e2e554,song,D,,,Milieu agricole,
Pyrrhocorax pyrrhocorax,Red-billed Chough,Crave à bec rouge,https://firebasestorage.googleapis.com/v0/b/birdify-df029.firebasestorage.app/o/Birds%2FCrave%20%C3%A0%20bec%20rouge.mp3?alt=media&token=670bd2e0-f44f-444c-a230-d79a7b500114,call,D,,J4AI PAS PAS GRAVE,Milieu agricole,
Merops apiaster,European Bee-eater,Guêpier d'Europe,https://firebasestorage.googleapis.com/v0/b/birdify-df029.firebasestorage.app/o/Birds%2FGu%C3%AApier%20d'Europe.mp3?alt=media&token=77f95186-e0d8-497a-a344-9c68c63f171f,song,D,,,Milieu agricole,
Hippolais polyglotta,Melodious Warbler,Hypolaïs polyglotte,https://firebasestorage.googleapis.com/v0/b/birdify-df029.firebasestorage.app/o/Birds%2FHypola%C3%AFs%20polyglotte.mp3?alt=media&token=91b81468-e892-4db7-921d-3a6723217f16,song,C,https://www.youtube.com/shorts/vhIXrcZgACQ,,Milieu agricole,
Oceanites oceanicus,Wilson's Storm Petrel,Océanite de Wilson,,,,,J'AI PAS PAS GRAVE,Milieu agricole,
Anser albifrons,Greater White-fronted Goose,Oie rieuse,https://firebasestorage.googleapis.com/v0/b/birdify-df029.firebasestorage.app/o/Birds%2FOie%20rieuse.wav?alt=media&token=7f782af7-9e9c-46e6-8cd3-d72bca57e273,call,D,,,Milieu agricole,
Alopochen aegyptiaca,Egyptian Goose,Ouette d'Égypte,,,,,regarder si interessant,Milieu agricole,
Panurus biarmicus,Bearded Reedling,Panure à moustaches,,,C,https://www.youtube.com/shorts/G3UtLedBn0Q,,Milieu agricole,
Perdix perdix,Grey Partridge,Perdrix grise,https://firebasestorage.googleapis.com/v0/b/birdify-df029.firebasestorage.app/o/Birds%2FPerdrix%20grise.mp3?alt=media&token=f6409496-d671-4280-8b90-efdcdf94b888,call,D,,pos fou mais ca va,Milieu agricole,
Pica pica,Eurasian Magpie,Pie bavarde,https://firebasestorage.googleapis.com/v0/b/birdify-df029.firebasestorage.app/o/Birds%2FPie%20bavarde.mp3?alt=media&token=ebc921e3-a001-4753-9217-a46d4378ed1d,song,D,,,Milieu agricole,
Lanius collurio,Red-backed Shrike,Pie-grièche écorcheur,,song,D,https://www.youtube.com/watch?v=K8o9ty1oxfU,,Milieu agricole,
Anthus cervinus,Red-throated Pipit,Pipit à gorge rousse,,,,,J4AI PAS PAS GRAVE,Milieu agricole,
Anthus campestris,Tawny Pipit,Pipit de Godlewski,,,,,J'AI PAS PAS GRAVE,Milieu agricole,
Sylvia atricapilla,Eurasian Blackcap,Fauvette à tête noire,https://firebasestorage.googleapis.com/v0/b/birdify-df029.firebasestorage.app/o/Birds%2FFauvette%20%C3%A0%20t%C3%AAte%20noire.mp3?alt=media&token=adb7a9b4-80df-4ebc-8691-db423e25a456,song,D,,,Milieu forestier,
Curruca subalpina,Moltoni's Warbler,Fauvette de Moltoni,,,,,J4AI PAS PAS GRAVE,Milieu forestier,
Curruca communis,Common Whitethroat,Fauvette grisette,https://firebasestorage.googleapis.com/v0/b/birdify-df029.firebasestorage.app/o/Birds%2FFauvette%20grisette.mp3?alt=media&token=656710a3-a89b-4000-96c9-5945fccc3622,song,D,,,Milieu forestier,
Dendrocopos major,Great Spotted Woodpecker,Pic épeiche,https://firebasestorage.googleapis.com/v0/b/birdify-df029.firebasestorage.app/o/Birds%2FPic%20%C3%A9peiche.wav?alt=media&token=b4d16b30-b4db-4756-8a22-02fc4a78281e,call,D,,,Milieu forestier,
Dryobates minor,Lesser Spotted Woodpecker,Pic épeichette,https://firebasestorage.googleapis.com/v0/b/birdify-df029.firebasestorage.app/o/Birds%2FPic%20%C3%A9peichette.mp3?alt=media&token=f4b52b67-05dd-4edc-b4f7-6c83d317802f,call,C,https://www.youtube.com/watch?v=ELWV9ULo434,,Milieu forestier,
Phylloscopus inornatus,Yellow-browed Warbler,Pouillot à grands sourcils,,,,,J'AI PAS PAS GRAVE,Milieu forestier,
Phylloscopus trochilus,Willow Warbler,Pouillot fitis,https://firebasestorage.googleapis.com/v0/b/birdify-df029.firebasestorage.app/o/Birds%2FPouillot%20fitis.wav?alt=media&token=a76a33a9-e013-4383-9d28-438983e13d88,song,D,,,Milieu forestier,
Phylloscopus ibericus,Iberian Chiffchaff,Pouillot ibérique,,,D,,j'ai pas pas grave,Milieu forestier,
Motacilla citreola,Citrine Wagtail,Bergeronnette citrine,,,,,pas de son,Milieu humide,
Nycticorax nycticorax,Black-crowned Night Heron,Bihoreau gris,https://firebasestorage.googleapis.com/v0/b/birdify-df029.firebasestorage.app/o/Birds%2FBihoreau%20gris.wav?alt=media&token=8c57ecf7-533b-48e0-a9e7-db23ef77ade8,Call,D,,,Milieu humide,
Ixobrychus minutus,Little Bittern,Blongios nain,https://firebasestorage.googleapis.com/v0/b/birdify-df029.firebasestorage.app/o/Birds%2FBlongios%20nain.mp3?alt=media&token=4a946340-07c7-4328-9acc-14d3fb788a3a,call,C,https://youtu.be/d9V505ruoJw,,Milieu humide,
Botaurus stellaris,Eurasian Bittern,Butor étoilé,https://firebasestorage.googleapis.com/v0/b/birdify-df029.firebasestorage.app/o/Birds%2FButor%20%C3%A9toil%C3%A9.wav?alt=media&token=34fd6048-6061-4df9-ac98-db71c2e8b69e,call,D,,on peux trouver mieux,Milieu humide,
Cisticola juncidis,Zitting Cisticola,Cisticole des joncs,https://firebasestorage.googleapis.com/v0/b/birdify-df029.firebasestorage.app/o/Birds%2FCisticole%20des%20joncs.wav?alt=media&token=32b304ee-3aa2-40fa-9b1d-b4a599d592e8,song,D,,,Milieu humide,
Cygnus cygnus,Whooper Swan,Cygne chanteur,https://firebasestorage.googleapis.com/v0/b/birdify-df029.firebasestorage.app/o/Birds%2FCygne%20chanteur.wav?alt=media&token=07e8d3a6-6420-4e41-b3c5-ff83c375abdd,call,D,,,Milieu humide,
Cygnus atratus,Black Swan,Cygne noir,https://firebasestorage.googleapis.com/v0/b/birdify-df029.firebasestorage.app/o/Birds%2FCygne%20noir.wav?alt=media&token=7d5e5a27-eaf5-4201-b86b-3d600c5f6773,Call,D,,,Milieu humide,
Fulica atra,Eurasian Coot,Foulque macroule,https://firebasestorage.googleapis.com/v0/b/birdify-df029.firebasestorage.app/o/Birds%2FFoulque%20macroule.wav?alt=media&token=863b7a04-3c03-4230-a988-07e16fca80f5,call,D,,,Milieu humide,
Gallinula chloropus,Common Moorhen,Gallinule poule-d'eau,https://firebasestorage.googleapis.com/v0/b/birdify-df029.firebasestorage.app/o/Birds%2FGallinule%20poule-d'eau.wav?alt=media&token=1bd8f711-951d-4225-832d-7cd843b76dda,call,D,,son pas ouf,Milieu humide,
Luscinia svecica,Bluethroat,Gorgebleue à miroir,https://firebasestorage.googleapis.com/v0/b/birdify-df029.firebasestorage.app/o/Birds%2FGorgebleue%20%C3%A0%20miroir%20song.mp3?alt=media&token=5de1bcc1-12bc-4043-b37b-21582530edc2,song,C,,all sound call alarm song,Milieu humide,
Locustella luscinioides,Savi's Warbler,Locustelle luscinioïde,https://firebasestorage.googleapis.com/v0/b/birdify-df029.firebasestorage.app/o/Birds%2FLocustelle%20luscinio%C3%AFde.wav?alt=media&token=8b1b8c9e-a275-4d53-b151-cfe184dc3a4e,song,D,,,Milieu humide,
Locustella naevia,Common Grasshopper Warbler,Locustelle tachetée,https://firebasestorage.googleapis.com/v0/b/birdify-df029.firebasestorage.app/o/Birds%2FLocustelle%20tachet%C3%A9e.mp3?alt=media&token=15d62758-395f-4cfc-8247-e398f9e25169,song,D,,,Milieu humide,
Acrocephalus melanopogon,Moustached Warbler,Lusciniole à moustaches,,,,,J4AI PAS PAS GRAVE,Milieu humide,
Zapornia pusilla,Baillon's Crake,Marouette de Baillon,https://firebasestorage.googleapis.com/v0/b/birdify-df029.firebasestorage.app/o/Birds%2FMarouette%20de%20Baillon.mp3?alt=media&token=af49ed51-8f15-461e-b13d-8de8ee02305f,,C,,,Milieu humide,
Porzana porzana,Spotted Crake,Marouette ponctuée,https://firebasestorage.googleapis.com/v0/b/birdify-df029.firebasestorage.app/o/Birds%2FMarouette%20ponctu%C3%A9e.wav?alt=media&token=7bfcdc66-43f1-4210-b246-73ac81f587ba,call,D,,,Milieu humide,
Tetrax tetrax,Little Bustard,Outarde canepetière,,,,,j'ai pas pas grave,Milieu humide,
Phalaropus lobatus,Red-necked Phalarope,Phalarope à bec étroit,https://firebasestorage.googleapis.com/v0/b/birdify-df029.firebasestorage.app/o/Birds%2FPhalarope%20%C3%A0%20bec%20%C3%A9troit.mp3?alt=media&token=d3e18adb-6c81-44f0-a964-23d989b306d1,call,C,https://youtu.be/xq3BHnSKR2w,a verifier,Milieu humide,
Acrocephalus paludicola,Aquatic Warbler,Phragmite aquatique,,,C,https://www.youtube.com/watch?v=ha9GT7Lcovs,,Milieu humide,
Puffinus puffinus,Manx Shearwater,Puffin des Anglais,https://firebasestorage.googleapis.com/v0/b/birdify-df029.firebasestorage.app/o/Birds%2FPuffin%20des%20Anglais.wav?alt=media&token=bc42e426-e48f-4de2-8b8e-4481f56ea94c,call,D,,,Milieu humide,
Phoenicurus ochruros,Black Redstart,Rougequeue noir,https://firebasestorage.googleapis.com/v0/b/birdify-df029.firebasestorage.app/o/Birds%2FRougequeue%20noir.wav?alt=media&token=c83beea2-95a5-4880-859b-bd2dcce5a430,song,D,,,Milieu humide,
Acrocephalus scirpaceus,Eurasian Reed Warbler,Rousserolle effarvatte,https://firebasestorage.googleapis.com/v0/b/birdify-df029.firebasestorage.app/o/Birds%2FRousserolle%20effarvatte.mp3?alt=media&token=9bd9311c-4ee1-4405-b390-0786168d3c7d,song,D,,,Milieu humide,
Acrocephalus arundinaceus,Great Reed Warbler,Rousserolle turdoïde,https://firebasestorage.googleapis.com/v0/b/birdify-df029.firebasestorage.app/o/Birds%2FRousserolle%20turdo%C3%AFde.wav?alt=media&token=8a07f932-7e3f-4dfb-a1c0-7e91f3cf24fa,song,D,,,Milieu humide,
Thalassarche melanophris,Black-browed Albatross,Albatros à sourcils noirs,https://firebasestorage.googleapis.com/v0/b/birdify-df029.firebasestorage.app/o/Birds%2FAlbatros%20%C3%A0%20sourcils%20noirs.wav?alt=media&token=f7f4c811-56cf-4281-9c9d-b65274fc0b99,call,D,,,Milieu littoral,
Phoebetria palpebrata,Light-mantled Albatross,Albatros fuligineux,,,,,,Milieu littoral,
Calcarius lapponicus,Lapland Longspur,Bruant lapon,https://firebasestorage.googleapis.com/v0/b/birdify-df029.firebasestorage.app/o/Birds%2FBruant%20lapon.wav?alt=media&token=0ccae29b-ee69-47f0-8c0c-c450b3c22086,song?,D,,a verifier,Milieu littoral,
Phoenicopterus roseus,Greater Flamingo,Flamant rose,https://firebasestorage.googleapis.com/v0/b/birdify-df029.firebasestorage.app/o/Birds%2FFlamant%20rose.wav?alt=media&token=9a7031b1-b102-4fb5-9379-2cfc31b01a22,call,D,,pas tres fort,Milieu littoral,
Larus dominicanus,Kelp Gull,Goéland dominicain,https://firebasestorage.googleapis.com/v0/b/birdify-df029.firebasestorage.app/o/Birds%2FGo%C3%A9land%20dominicain.wav?alt=media&token=c945c6ce-f9a0-49f1-b991-82dac43454d3,call,D,,,Milieu littoral,
Melanitta nigra,Common Scoter,Macreuse noire,https://firebasestorage.googleapis.com/v0/b/birdify-df029.firebasestorage.app/o/Birds%2FMacreuse%20noire.wav?alt=media&token=06fc9ae1-85e4-422d-8f67-875b097cbb37,call,D,,,Milieu littoral,
Xema sabini,Sabine's Gull,Mouette de Sabine,,,,,J'AI PAS PAS GRAVE,Milieu littoral,
Otus scops,Eurasian Scops Owl,Petit-duc scops,https://firebasestorage.googleapis.com/v0/b/birdify-df029.firebasestorage.app/o/Birds%2FPetit-duc%20scops.mp3?alt=media&token=6d716d3a-15ca-462a-9f2a-b32bc83dad58,call,D,,pas tres fort,Milieu littoral,
Anthus pratensis,Meadow Pipit,Pipit farlouse,https://firebasestorage.googleapis.com/v0/b/birdify-df029.firebasestorage.app/o/Birds%2FPipit%20farlouse.wav?alt=media&token=1fd825f5-2042-4ae8-8c74-f730e567359b,song,D,,,Milieu littoral,
Anthus spinoletta,Water Pipit,Pipit spioncelle,,,,,J'AI PAS PAS GRAVE,Milieu littoral,
Phylloscopus collybita,Common Chiffchaff,Pouillot véloce,https://firebasestorage.googleapis.com/v0/b/birdify-df029.firebasestorage.app/o/Birds%2FPouillot%20v%C3%A9loce.wav?alt=media&token=768a45d6-68e2-4345-9acc-84edfb060d94,song,D,,,Milieu littoral,
Calonectris diomedea,Scopoli's Shearwater,Puffin de Scopoli,,,,,J'AI PAS PAS GRAVE,Milieu littoral,
Platalea leucorodia,Eurasian Spoonbill,Spatule blanche,https://firebasestorage.googleapis.com/v0/b/birdify-df029.firebasestorage.app/o/Birds%2FSpatule%20blanche.wav?alt=media&token=342cafda-da47-451c-a524-fe983a772a43,call,D,,a verifier,Milieu littoral,
Hydroprogne caspia,Caspian Tern,Sterne caspienne,https://firebasestorage.googleapis.com/v0/b/birdify-df029.firebasestorage.app/o/Birds%2FSterne%20caspienne.mp3?alt=media&token=c01f0819-c84f-4897-bdb3-7b6c2ab7599d,call,C,https://www.youtube.com/watch?v=tp5AjEjcGY4,,Milieu littoral,
Thalasseus sandvicensis,Sandwich Tern,Sterne caugek,https://firebasestorage.googleapis.com/v0/b/birdify-df029.firebasestorage.app/o/Birds%2FSterne%20caugek.wav?alt=media&token=6ada95c3-1779-4470-ad7f-3744015c06ad,call,D,,,Milieu littoral,
Corvus corax,Northern Raven,Grand Corbeau,,,,https://www.youtube.com/shorts/hRuSdePVEto?feature=share,pas trouver,Milieu montagnard,
Charadrius morinellus,Eurasian Dotterel,Guignard d'Eurasie,,,,,pas de son top,Milieu montagnard,
Petronia petronia,Rock Sparrow,Moineau soulcie,https://firebasestorage.googleapis.com/v0/b/birdify-df029.firebasestorage.app/o/Birds%2FMoineau%20soulcie.wav?alt=media&token=57171068-3d8f-4cb2-86ad-94f87dd924e3,call,D,,,Milieu montagnard,
Taeniopygia guttata,Zebra Finch,Diamant mandarin,,,,,J'AI PAS PAS GRAVE,Milieu urbain,
Delichon urbicum,Common House Martin,Hirondelle de fenêtre,https://firebasestorage.googleapis.com/v0/b/birdify-df029.firebasestorage.app/o/Birds%2FHirondelle%20de%20fen%C3%AAtre.wav?alt=media&token=a720005f-8f72-4d25-bb6d-95ac1f426b3e,call,D,,,Milieu urbain,
Hirundo rustica,Barn Swallow,Hirondelle rustique,https://firebasestorage.googleapis.com/v0/b/birdify-df029.firebasestorage.app/o/Birds%2FHirondelle%20rustique.mp3?alt=media&token=4308b652-3430-4da5-b643-af47c674f236,,D,,,Milieu urbain,
Leiothrix lutea,Red-billed Leiothrix,Léiothrix jaune,,,,,,Milieu urbain,
Alectoris rufa,Red-legged Partridge,Perdrix rouge,https://firebasestorage.googleapis.com/v0/b/birdify-df029.firebasestorage.app/o/Birds%2FPerdrix%20rouge.wav?alt=media&token=2400da2c-49a2-4e24-bbc9-c8c4f134dc9f,call,D,,,Milieu urbain,
Psittacula krameri,Rose-ringed Parakeet,Perruche à collier,https://firebasestorage.googleapis.com/v0/b/birdify-df029.firebasestorage.app/o/Birds%2FPerruche%20%C3%A0%20collier.wav?alt=media&token=dd4e9e93-9219-4b1a-ac4a-a6c3e63de7b3,call,D,,,Milieu urbain,
Anthus godlewskii,Blyth's Pipit,Pipit de Godlewski,,,,,pas de son,,
Phylloscopus bonelli,Western Bonelli's Warbler,Pouillot de Bonelli,,,,,J'AI PAS PAS GRAVE,,
Phylloscopus humei,Hume's Leaf Warbler,Pouillot de Hume,,,D,,j'ai pas pas grave,,