id_mission,titre,description,biome,niveau,deverrouillee,etoiles,dernier_score,csv_url,image_url
U01,Les résidents du matin,Ah bon ! Les oiseaux sont matinal ?!,urbain,1,TRUE,0,0,assets/Missionhome/questionMission/U01.csv,Missionhome/Images/U01.png
U02,Les champions de la haie,Attention !! Les haies ont des oreille,urbain,2,FALSE,0,0,assets/Missionhome/questionMission/U02.csv,Missionhome/Images/U02.png
U03,Chanteurs des toits,Les tuiles vibrent… ce n’est pas le vent,urbain,3,FALSE,0,0,assets/Missionhome/questionMission/U03.csv,Missionhome/Images/U03.png
U04,Bruit de groupe,"Jamais seuls, toujours bruyants",urbain,4,FALSE,0,0,assets/Missionhome/questionMission/U04.csv,Missionhome/Images/U04.png
F01,La voix de la canopée,"Là-haut, c’est un concert permanent",forestier,1,FALSE,0,0,assets/Missionhome/questionMission/F01.csv,Missionhome/Images/F01.png
F02,Gardiens de la lisière,"Entre deux mondes, des sentinelles chantent",forestier,2,FALSE,0,0,assets/Missionhome/questionMission/F02.csv,Missionhome/Images/F02.png
F03,Sons d’alerte,Panique ! Mais pourquoi ça crie comme ça ?,forestier,3,FALSE,0,0,assets/Missionhome/questionMission/F03.csv,Missionhome/Images/F03.png
F04,Espions silencieux,"Tu les entends ? Non ? Eux, oui.",forestier,4,FALSE,0,0,assets/Missionhome/questionMission/F04.csv,Missionhome/Images/F04.png
A01,Chanteurs des champs ouverts,"Pas un arbre en vue, mais quelle ambiance !",agricole,1,FALSE,0,0,assets/Missionhome/questionMission/A01.csv,Missionhome/Images/A01.png
A02,Sentinelles des clôtures,"Clac ! Une barrière, un oiseau, une chanson",agricole,2,FALSE,0,0,assets/Missionhome/questionMission/A02.csv,Missionhome/Images/A02.png
A03,Bruits du bocage,Bocage = chaos organisé en stéréo,agricole,3,FALSE,0,0,assets/Missionhome/questionMission/A03.csv,Missionhome/Images/A03.png
A04,Messagers du ciel,"Ils volent, ils sifflent, ils préviennent",agricole,4,FALSE,0,0,assets/Missionhome/questionMission/A04.csv,Missionhome/Images/A04.png
H01,Chanteurs des roseaux,"Le marais n’a pas de scène, mais quel opéra",humide,1,FALSE,0,0,assets/Missionhome/questionMission/H01.csv,Missionhome/Images/H01.png
H02,Gardiens des berges,"Au bord de l’eau, ça surveille et ça bavarde",humide,2,FALSE,0,0,assets/Missionhome/questionMission/H02.csv,Missionhome/Images/H02.png
H03,Ombres des marais,Ils ne font pas que hanter… ils chantent aussi,humide,3,FALSE,0,0,assets/Missionhome/questionMission/H03.csv,Missionhome/Images/H03.png
H04,Pattes dans l’eau,Des bottes de plumes qui chantent les pieds mouillés,humide,4,FALSE,0,0,assets/Missionhome/questionMission/H04.csv,Missionhome/Images/H04.png
M01,Voix des sommets,"Plus tu montes, plus ça résonne",montagnard,1,FALSE,0,0,assets/Missionhome/questionMission/M01.csv,Missionhome/Images/M01.png
M02,Chanteurs des alpages,La montagne a sa propre chorale sauvage,montagnard,2,FALSE,0,0,assets/Missionhome/questionMission/M02.csv,Missionhome/Images/M02.png
M03,Guetteurs des cols,La récré sonne aussi pour eux,montagnard,3,FALSE,0,0,assets/Missionhome/questionMission/M03.csv,Missionhome/Images/M03.png
M04,Éclaireurs du matin givré,Même le froid n’éteint pas leur radio,montagnard,4,FALSE,0,0,assets/Missionhome/questionMission/M04.csv,Missionhome/Images/M04.png
L01,Voix du ressac,"Les vagues parlent, mais eux crient plus fort",littoral,1,FALSE,0,0,assets/Missionhome/questionMission/L01.csv,Missionhome/Images/L01.png
L02,Guetteurs des dunes,"Pas de cactus ici, juste du sable et du son",littoral,2,FALSE,0,0,assets/Missionhome/questionMission/L02.csv,Missionhome/Images/L02.png
L03,Pèlerins des marais,Ils ne font que passer… en sifflant,littoral,3,FALSE,0,0,assets/Missionhome/questionMission/L03.csv,Missionhome/Images/L03.png
L04,Crieurs de la côte,"Ici, on prévient les tempêtes à pleins poumons",littoral,4,FALSE,0,0,assets/Missionhome/questionMission/L04.csv,Missionhome/Images/L04.png