id_mission,biome,num_question,titre_mission,bonne_reponse,URL_bonne_reponse,mauvaise_reponse,sous_titre,icon
U01,Milieu urbain,1,Les résidents du matin,Merle noir,https://firebasestorage.googleapis.com/v0/b/birdify-df029.firebasestorage.app/o/Birds%2FMerle%20noir.mp3?alt=media&token=1466915e-96d3-47af-9368-5d6752721316,Bergeronnette des ruisseaux,Ah bon! les oiseaux sont matinal ?!,https://firebasestorage.googleapis.com/v0/b/birdify-df029.firebasestorage.app/o/Mission%2FU-logo1.png?alt=media&token=cb618998-76ab-494e-ade6-c9517535c12a
U01,Milieu urbain,2,Les résidents du matin,Grive musicienne,https://firebasestorage.googleapis.com/v0/b/birdify-df029.firebasestorage.app/o/Birds%2FGrive%20musicienne.wav?alt=media&token=b06292e9-4de7-4536-b833-02b398c6badd,Canard colvert,Ah bon! les oiseaux sont matinal ?!,
U01,Milieu urbain,3,Les résidents du matin,Rossignol philomèle,https://firebasestorage.googleapis.com/v0/b/birdify-df029.firebasestorage.app/o/Birds%2FRossignol%20philome%CC%80le.mp3?alt=media&token=2f578aa3-5b74-4085-a8a5-123a6f467b14,Chevêche d’Athéna,Ah bon! les oiseaux sont matinal ?!,
U01,Milieu urbain,4,Les résidents du matin,Mésange charbonnière,https://firebasestorage.googleapis.com/v0/b/birdify-df029.firebasestorage.app/o/Birds%2FM%C3%A9sange%20charbonni%C3%A8re.wav?alt=media&token=ef866eab-0dd7-42ae-b6ef-e8e3a7987620,Cigogne blanche,Ah bon! les oiseaux sont matinal ?!,
U01,Milieu urbain,5,Les résidents du matin,Mésange bleue,https://firebasestorage.googleapis.com/v0/b/birdify-df029.firebasestorage.app/o/Birds%2FM%C3%A9sange%20bleue.mp3?alt=media&token=540d754c-714a-45f6-bc0d-75e7424fe56c,Corneille noire,Ah bon! les oiseaux sont matinal ?!,
U01,Milieu urbain,6,Les résidents du matin,Chardonneret élégant,https://firebasestorage.googleapis.com/v0/b/birdify-df029.firebasestorage.app/o/Birds%2FChardonneret%20%C3%A9l%C3%A9gant.wav?alt=media&token=af0c3bfd-dcde-43ed-a743-0583c2e3df14,Cygne tuberculé,Ah bon! les oiseaux sont matinal ?!,
U01,Milieu urbain,7,Les résidents du matin,Serin cini,https://firebasestorage.googleapis.com/v0/b/birdify-df029.firebasestorage.app/o/Birds%2FSerin%20cini.mp3?alt=media&token=9f49391e-c083-4e5e-b83f-30687e3b5515,Diamant mandarin,Ah bon! les oiseaux sont matinal ?!,
U01,Milieu urbain,8,Les résidents du matin,Fauvette des jardins,https://firebasestorage.googleapis.com/v0/b/birdify-df029.firebasestorage.app/o/Birds%2FFauvette%20des%20jardins.wav?alt=media&token=ce856208-01c7-4a77-81c1-5f1ed521e4de,Effraie des clochers,Ah bon! les oiseaux sont matinal ?!,
U01,Milieu urbain,9,Les résidents du matin,Bergeronnette grise,https://firebasestorage.googleapis.com/v0/b/birdify-df029.firebasestorage.app/o/Birds%2FBergeronnette%20grise.mp3?alt=media&token=dbc970f7-c678-4605-adcb-198b04c6c378,Faucon crécerelle,Ah bon! les oiseaux sont matinal ?!,
U01,Milieu urbain,10,Les résidents du matin,Fauvette mélanocéphale,https://firebasestorage.googleapis.com/v0/b/birdify-df029.firebasestorage.app/o/Birds%2FFauvette%20m%C3%A9lanoc%C3%A9phale.wav?alt=media&token=e9d78ce7-5560-4876-8da2-ac1bb8314bac,Faucon pèlerin,Ah bon! les oiseaux sont matinal ?!,
,,,,Tourterelle des bois,https://firebasestorage.googleapis.com/v0/b/birdify-df029.firebasestorage.app/o/Birds%2FTourterelle%20des%20bois.mp3?alt=media&token=79f2e914-fe9d-40c5-8580-9d7cb64ec9322,Fauvette mélanocéphale,,
,,,,Corbeau freux,https://firebasestorage.googleapis.com/v0/b/birdify-df029.firebasestorage.app/o/Birds%2FCorbeau%20freux.wav?alt=media&token=29378d92-176a-4f33-8e01-56e56661c268,Geai des chênes,,
,,,,,,Gobemouche gris,,
,,,,,,Goéland argenté,,
,,,,,,Goéland pontique,,
,,,,,,Grimpereau des jardins,,
,,,,,,Grive draine,,
,,,,,,Grive mauvis,,
,,,,,,Hirondelle de fenêtre,,
,,,,,,Hirondelle de rivage,,
,,,,,,Hirondelle rustique,,
,,,,,,Huppe fasciée,,
,,,,,,Léiothrix jaune,,
,,,,,,Martin-pêcheur d’Europe,,
,,,,,,Martinet noir,,
,,,,,,Moineau domestique,,
,,,,,,Moineau friquet,,
,,,,,,Mésange huppée,,
,,,,,,Mésange à longue queue,,
,,,,,,Oiseau la Vierge,,